Gross Leemann, Ursula
Scholl, Eva
Trippel, Michael
Kratz, Brigitta
Hartmann, Dirk
Walter, Max
Crameri, Susanne
Herold, Seraina
Furger, Mark
Bloch, André
Bühlmann, Jürg
Saurer, Peter M.
Oberle, Andreas
Wetli, Martin
Brusa, Guido
Antoniadis, Christos
Neff, Klaus
Dharshing-Elser, Yvonne
Schütz, Thomas
Kruse, Philipp
Dettling-Ott, Regula
Wyss, Thomas
Keller, Britta
Ernst, Elisabeth
Bühler, Micha
Kuster, Matthias
Kerber, Claudio
Wissmann, Jürg
Arquint, Sararard
Streiff, Ullin
Elmiger, Thomas
Grimm Widmer, Andrea
Häberling, Walter R.
von der Crone, Brigitte
Frick, Bruno
Bühlmann, Lukas
Schärli, Christoph
Wiget, Niklaus M.
Hochheuser Onnen, Christin
Peter, Bernhard
Rüdlinger, Oliver
Imthurn, Veronika
Grauer, Bigna
Sigg, Hanspeter M.
Heberlein, Robert C.
Müller, Thomas M.
von Erlach, Andreas
Freudenreich, Peter
Hauser, Peter
Wang, Markus
Hurni, Tina
Frey, Christoph
Meroni, Rudolf
Kuhn, Michael
Heuser, Sibin
Hoch, Patrick M.
Lampert, Daniel
Griesser, Yvona
Kehrli, Hans Peter
Menzi, Martin
Schmid, Rolf
Biderbost, Alexander
Bannwart-Maurer, Elena
Brunner, Dieter
Meyer Löhrer, Beda
Zürcher, Hubert
Facincani, Nicolas
Tappolet, Klaus
Camastral, Claudia
Lüthy, Thomas
Derksen, Hans Peter
Glavas Soller, Sandra
Luginbühl-Hossmann, Tanja
Jermann, Andreas
Wolfensperger, Adrian
Suter, Urs
Groth, Nico
Janis, Radek
Bertschinger, Urs
Mattenberger, Norbert
Schoch, Hans-Ulrich
Behrends, Andrea
Liatowitsch, Manuel
Rust, Balz
Hew, Annemarie
Wilhelm, Jörg E.
Wiesendanger, Désirée
Brunner, Philipp
Hanslin, Marc
Saxe, Marcus
Lüscher, Sven
Bahrampoori, Rahel
Oesch-Müller, Annette
Baumgartner, Andres
Schnellmann, Hansjürg
Wild, Peter E.
Müller, Rolf
Egli, Felix
Hubli, Pascal
Schiffmann Meisser, Ursina
Fehlmann, Regula
Frick, Peter
Blickle, Gunter
Benn, Jurij
Schilling, Rolf
Brun, Simon
Stehli, Barbara
Gottschalk, Matthias
Fopp, Melanie
Merz, Michael
Zuber, Roger
Novoselac, Marco
Würgler, Werner
Blaser, Evelyn P.
Gericke, Dieter
Nobel, Peter
Kieser, Hannes
Stauber-Moser, Susy
Schmid, Andreas
Herenda, Kristina
Schweri, Yolanda
Kälin-Nauer, Claudia
Voegeli, Nikolaus U.
Schmid, Rolf
Müller-Studer, Luka
Wirz, Thomas
Fischer, Toni
Donghi, Jan
Epprecht, Simon
Gegenschatz, Annina
Kreis-Kolb, Edith
Dallafior, Roberto
Buchli, Stephan A.
Peyer, Jürg
Watter, Rolf
Speck, Katrin
Barthold, Beat M.
Hablützel, Martin
Hahn, Anne-Catherine
Rüegg, Hermann
Hrovat, Petar
Thaler, Daniel
Bracher, Nicolas
Gönüler, Ilhan
Schott, Ansgar
Budliger, Michael
Blickenstorfer, Snezana
Urbach, Simon
Speck, Beat D.
Roduner, Evelyn
Casale, Michele
Gallati, Roger
Schaer, Magdalena
Kryka, Milan
Nüesch, Martina
Dahortsang, Tenzin
Jäggi, Martin
Blum, Claude
van Huisseling, Gabriela
Strub, Armin
Jecklin, Barbara
Stünzi, Hans
Schubiger, Franz
Meier, Andrea
Schwarz, Andreas
Gloor, Marcel
Schmid, Ernst F.
Erni, Stephan
Winkler, Dirk
Ritter, Andreas
Werner, Martin
Meier, Roger
Heuberger, Reto
Howald, Adrian F.
McCreight-Ernst, Ursula
Moskric, Elisabeth
Matteotti, René
Känzig, Philipp
Vögele, Alexander
Kühni, Beat Ph.
Sibbern, Eric
Scholl, Phyllis
Koumbarakis, Zinon
Vögeli, Mirjam
Chiani, Philipp
Hochl, Karin
Ryser, Roland M.
Kletzhändler, Viktor
Honegger, Peter C.
Hess, Damian
Hochstrasser, Michael
Frei, Walter
Kienast, Peter J.
Zuberbühler, Tobias
Heiz, Christoph
Ender, Thomas
Borghi, Xavier
Rusch, Lukas Daniel
Gusterer, Michael
Töndury, Gian Andri
Schneider, Florian
Müller, Thomas S.
Gross, Dominique
Frei, Nuria
Umbach, Patrick
Baier, Jonatan
Wettstein, Ofebia
Wilms, Egbert
Esslinger, Thomas
Gnägi, Albert
Meier, Christian
Schären, Simon
Maffioletti, Walter
Furrer, René
Fertig, Peter
Nyffenegger, Stephan K.
Riedener, Hanspeter
Ramstein, Christoph R.
Schönbucher Adjani, Elisabeth
Hasler, Daniel
Sommer, Patrick
Götte, Roland
Ochsner, Fabienne
Barandun, Nicolà
Dürig, Benjamin
Affolter, Daniel
Perren, Philipp
Bähr, Cordelia
Littmann, Cyrill
Fischer, Daniela
Decurtins, Gion-Andri
Frauenfelder, Margreth
Fankhauser, Andreas
Moll, Andreas
Simmen, Robert
Schalch, Stefan
Stötzer, Barbara
Schmitz, Chris
Probst, Franz
Müller, Andrea
Lötscher, Bernhard
Pestalozzi, Peter
Zindel, Gaudenz G.
Milani, Dominik
Vogelsang, Luisa-F.
Aschwanden-Lichti, Stefan
Umhang, Bettina
Pagnamenta, Daniel
Diem, Cyrill
Wenger, Patricia
Rüdisühli, Heini
Widler, Thomas
Altenburger, Peter R.
Walti, Beat
Lustenberger, Marcel
Meili, Andreas
Schärli, Patrick
Balmer, Kurt
Jauner, Janine
Nordmann, Francis
Oeschger, Simon T.
Erni, Lorenz
Colombini, Marco
Caflisch, Reto
Zarro, Dario
Meyer, Philippe
Haltner, Rolf H.
Romerio, Flavio
Brand, Anne-Banu
Freund, Dorrit
Sangiorgio, Didier
Lorentz, Sebastian
Jenal, Ronald
Keller, Hans-Beat
Lutz, Daniela
Pietruszak Brunhart, Thomas
Münst Burger, Milena
Barnett, Jonathan
Meier, Urs
Wohl, Georg J.
von Schulthess, Dieter
Mettler, Xaver
Mayerhoffer, Daniela
Huber, Sebastian
Hürlimann, Roland
Baumann, Phil
Schiller, Manuela
Weber, Annette
Denzler, Beat
Birgelen, Erik
Walde, Renata Angela
Rihm, Thomas
Seitz, Guido
Feuz, Stefanie
Lüchinger, Niklaus
Frick, Tanja
Diewald, Sibylle
Umbricht Lukas, Barbara
Langner, Paul H.
Müller, Matthias
Haymann, Philipp
Wyss, Ramona
Wüstiner, Hanspeter
Ammann, Werner
Früh, Alfred
Mächler, Philipp
Baselice, Carmine
Kirchheimer, Marc
Bazzani, Claudio
Haas, Philipp
Walter Burkhardt, Maria
Hänni, Lucas
Moeri, Gian
Haueter, Erna
Lechleiter, Georg
Oehmke, Petra
Rudin, Bettina
Onyetube-Meier, Jin-Eve
Müller, Hans Ludwig
Egli, Urs
Cavegn, Claudine
Fluri, Erich
Lang, Ruedi
Seiler, Stefan
Bazzani-Testa, Seraina
Widmer, Flavia
Gfeller, Diego R.
Häusermann, Marco
Lenggenhager, Fadri
Rueff, Fred
Fischer, Stephan
Costea, Camelia
Schiwow, Emanuel
Kempf, Tomas
Ferber, Caroline B.
Paparis, Anna
Weber, Werner
Sulger Büel, Peter
Daetwyler, Marc
Peter, Walter
Badertscher, Beat
Kessler, Ronald
Moser, André W.
von Seefried auf Buttenheim, Harald
Cartier, Michael
Marti, Regina
Rupp, Matthias
Rusch, Norbert
Ledvina, Matthew
Minelli, Ludwig A.
Affentranger-Brunner, Doris
Duss, Manuel
Rothenfluh, Carol
Meier, Manuela
Stirnimann, Isabel
Roth, Gerhard
Tschirky, Nicole
Hohler, Dominik
Gottstein, Markus
Bühler, Marcel
Frey, Conrad
Kovacs, Yvette
Bügler, Jürg
Meyer, Bettina
Härtsch, Theodor
Mathis, Marco
Grüninger, Harold
Jaroch, Lukas
Müller, Marco
Schaub-Hristi?, Marianne
Stieger, Roman
Thöni, Simone
Thomann, Bénédict
Rimle, Alois
Schmid, Aurelia
Wyrsch, Roman
Mondini, Andrea
Voser, Nathalie
Barbey, Thierry
Müller, Barbara K.
Schlauri, Simon
Schenker, Franz
Tschudin, Michael
Naegeli, Georg
Furthmann Riedener, Sabine
Bühler, Simon
Felder, Andreas
Wiesli, Stefan
Rüeger, Annalise
Custic, Ivana
Hirzel-Karolak, Monika
Meyer, Raphael Jean-Paul
Lienhard, Andreas
Müller, Christoph M.
Oesch, Patrick K.
Platzer, Corinne
Reinarz, Peter
Buchzik, Bertram A.
Losinger, Paolo A.
Baechler, Roman
Schaltegger, Simon
Meier, Dany
Disler, Dominique
Gross, Balz
Wild, Benno
von Segesser, Georg
Zobl, Martin
Mathis, Felix
Roth, Jürg
Anner, Fabienne
Wicki, Balthasar
Blesi, Alfred
Janett, Gion
Trutmann, Adrian
Niedermeyer, Vera
Bono, Daniel
Stadler, Peter
Goetz, Marc L.
Werder-Stern, Andrea
Steffen, Christoph
Furter, Olivia
Calame, Thierry J.
Hodgskin, Francis
Furrer, Andreas
Honegger, Zoe
Vogt, Hans-Ueli
Jenny, Rico
Menn, Annatina
Bohren, Daniel
Kramer, Stefan
Pachmann, Titus
Meili, Thomas
Szolansky, Franz
Streuli-Youssef, Magda
Herzog, Nicolas
Niklaus, Cordula E.
Jud, Heinrich
Sutter, Michael P.
Ammann, Katja
Schläpfer, Rudolf
Müller, Walter M.
Ruoss Fierz, Lena
Fischer, Michael
Munk Schober, Aleksandra
Neth, Nicola
Humbert, Denis G.
Casanova, Gion Christian
Lieberherr, Samuel
Harder, Wolfgang
Bornhauser, Philip R.
Blumer, Maja
Girsberger, Daniel
Bodmer, Hans
Bacchetta, Noa Hans
Schenker, Urs
Ulrich, Peter
Eisele, Daniel
Mostafa, Sarah
Murer, Adrian
Ernst, Katharina
Perrig, Roman
Raun, Daniel
Bobay, Cedric
Schaufelberger, Peter C.
Felix, Monique
Walder, Heinz M.
Talew, Ivo
Ganz, Eliane
Bihrer, Andreas R.
Wolfer, Lukas
Pfiffner, Tamara
Künzler, Oliver
Zürcher, Andreas Ch.
Waldmeier, Jürg
Soldo, Marko
Grünblatt, Dieter
Hardmeier, Hans Ulrich
Kühn, Peter
Fässler, Nicole
Wiget, Gregor
Stüssi, Jonas
Frey, Martin
Gerspacher, Lars
Kupsch, Hans-Ulrich
Laube, Thomas
Giroud, Roger
Hanulik, Ingrid
Winzeler, Christian
Klett, Barbara Carla
Heldstab, Christian
Brem, Ernst
Oesterhelt, Stefan
Bösch, Peter
Weiss, Raphael
Triebold, Claudius
Steinegger, Marcel C.
Balzli, Tina
Solari Bozzi, Anne-Marie
Suhr, Reto
Zulauf, Rena
Widmer, Laura
Brändle, David
Vosseler, Peter
Gerster, Stefan
Manfré, Stephan
Maissen, Eva
Schütz, Andrea
Lambert, Claude
Bloch-Riemer, Ruth
Birchler, Maurus Th.
Schwander, Isabelle
Schuhmacher, René
Zimmerli, Annette
Lanter, Marco
Raemy, Alain
Wehrli, David
Egli, Andreas
Fournier, Guillaume
Waller, Stefan
Even, Murat
Meyer, Manuel
Hess, Markus
Lind, Susan
Gabi, Sonja
Isenegger, Urs
Gähweiler, Mirjam
Weber Rajower, Ursula
Favre, Katia
Werder-Berz, Patricia H.
Miloni, Nino
Jaisli Kull, Nadja
Zahradnik, Peter
Erig, Noëmi
Scherrer, Christine Astrid
Blättler, Lukas
Weber, Olivier
Lutz, Peter
Hafner, Peter
Meyer, Leonz
von Arx, Patrick
Reinwald, Urs
Schmidt-Gabain, Florian
Caro, Adriel
Peter, Thomas
Christen, Urs
Oesch, Max P.
Mathé, Bruno
Terrier, Manuel
Amstad, Oscar
Hofstetter, Simon
Brügger, Urs
Teitler, Henri M.
Eichenberger, Stefan Dominik
Morscher-Guggenbühl, Verena
Hardegger, Alexandra
Boss, Walter H.
Grundlehner, Andreas
Perucchi, Leandro
Hollinger, Felix
Wyss, Alexander
Aschwanden, Reto
Dietschi, Claudia
Meienberg, Astrid Manuela
Ferrari, Aurelio A.
Schneider Heusi, Claudia
Niklaus, Jürg
Schaerer, Marianne
Wetzstein, Simone
Rudin, Johann Chr.
Wehrli, Michel
Rüegg, Eva
Weidmann, Rolf
Camp, Raphaël
Quiblier, Laura
Gehring, Kaspar
Seiler, Moritz
Künzle, Martin
Blattmann, Thomas
Schumacher, Walter
Gola, Pascale
Schlegel, Ferdi
Bossart, Stefan
Schwald, Hans-Peter
Egloff, Hans
Schiwow-Amrhein, Kerstin
Hrebik, Jana
Morad-Marquardt, Marion
Gabathuler, Thomas
Bähler, Marion
Dönni, Ruth
Somary, Tobias
Hügel, Holger
Camathias, Petra
Häuptli, Michael Simon
Doggwiler, Doris
Glauser, Max
Reich, Guy
Frick, Martina
Meier, Raphael
Seitz, Theodor G.
Lehmann, Melanie
Strobel, Eva-Maria
Terrapon Chassot, Chloé
Wehinger, Urs
Maurer, Hans
Dörig, Adrian
Gaggini, Giovanni A. P.
Hollenstein, Paul
Glatthard, Niklaus
Geiger, Gaudenz
Palermo, Piero
Bänninger, Tiziana
Voillat, André
Leutwiler, Sarah
Bürgin, Urs
von Erlach, Rudolf
Zweifel, Thomas Urs
Wiegand, Marcus
Sommer, Ueli
Oertle, Mathias
Wyss, Lukas F.
Erdös, Christoph
Brianza, Renata
Götschi, Antje
Länzlinger, Andreas D.
Dreier, Philipp
Grete, Niccolò
Kammerer, Adolf E.
Largier-Elsener, Brigitte
Wagner, Patrik
Birkhäuser, Nicolas
Schwarzenbach-Meixner, Ilona
Toni, Marco
Jaeger, Chantal
Lardelli, Flavio
Steiger, Claudia
Seemann, Matthias
Strub, Benno
Bernet, Martin
Hanselmann, Petra
Tönz, Stefan
Cagianut, Thierry
Schlumpf, Michael
Wagen, Daniel
Strehle, Barbara
Kasper, Gian Marchet
Brändli, Thomas
Dubler, Andreas M.
Rohrer, Beat
Schnyder, Sibylle
Bütler, Michael
Röthlisberger-Fischer, Marie-Therese Anna
Stoessel, Gerhard
Bertschinger, Christine A.
Burri, Robert
Kikinis, Michael
Tanyeli, Thomas
Isler, Eugen
Gayler, Lukas
Weissberg, Hans
Piasini, Mirella
Sutter, Joseph
Luginbühl, Kaspar
Straub, Gerrit
Brülhart, Michael
Schönfeld, Christian J.
Lustenberger, Thomas
Blickenstorfer, Kurt
Arnold, Sophie
Berchtold, Christoph
Möhr, Claudio
Borer, Laura Alexandra
Hofer, Urs
Jäger, Peter
Isler, Peter R.
Lüthi, Matthias
Leuenberger, Christian
Odok, Sinan
Krenger, Bart
Zgraggen, Hanspeter
Kick, Markus
Wittibschlager, Stanislava
Vogt, Isabelle
Hauert, Kaspar
Forster, Martin W.
Horák, David
Pfammatter, Armand M.
Bär, Andreas
Meier, Emil Robert
Bellwalder, Andreas
Bucher, Silvia
Györffy, Viktor
Ammann, Philipp
Dubach, Martin
Bertsch, Andreas
Casetti, Susanne
von Rechteren, Cosima
Häfliger, Rolf
Fausch, Martina
Kaiser, Rolf
Napierkowski, Katrin
Bendiner, Andrea
Wildi, Andreas
Keller, Nina
Gisler, Andrea
Kaufmann, Stefan
Züllig, Lukas
Hotz, Klaus
Weiss, Leo
Hunkeler, Daniel
Flury, Robert
Köchli, Roland
Zimmermann, Sabrina
Geu, Max
Weber, Rolf H.
Ryhner, Samuel
Slama, Karolina
Allemann, Richard
Müller, Richard A.
Portmann, Regula
Staffelbach, Albert
Keller, Claudia
Borer, Peter
Müller, Paul R.
Klaus, Felix
Berger, Hans
Rüssli, Markus
Müller, Roger
Niggli, Gerhard
Bürge, Stefan
Brunner, Peter E.
Schnyder v. Wartensee-Honfalvi, Anna-M.
Mock, Claudia
Glutz von Blotzheim, Alexander M.
Huser, Daniel
Berchtold, Peter R.
Honold, Pascal
Frey, Markus A.
Straub, Peter A.
Weber, Claudia
Waldner, Michael
Landshut, Nathan
Aeschbach Flórez, Jessica
Pestalozzi-Früh, Sibylle
Visini, Sandro
Rust, Martin
Stauber, Demian
Wipf, Thomas
Burki, Nico H.
Mayo Villanueva, Jenifer
Renner, Alexia
Turnes, Jon
Cerletti, Noëlle
Bochud, Louis
Hug, Dieter
Blessing, Marc
Schnitter Weber, Barbara
Benz, Rolf
Genoud, Pascal
Kilgus, Sabine
Schluep, Thomas
Bürgi, Urs
Bianchi, François M.
Bertschinger, Hans E.
Flühmann, Daniel
Häberli, Robert
Benz, Christian
Berger-Steiner, Isabelle
Trachsel, Jürg
Huser, Simone
Rigoleth, René
Grunder, Regula
Imkamp, Jürgen
Monteneri, Gianpaolo
Bosshard, Titus
Räber, Boris
Marti, Hanspeter O.
Haab Gulich, Claudia
Annasohn, Raphael
Strittmatter, Reto
Davatz Hörler, Debra E.
Bell, Katherine
Stoll, Daniel
Grebski, Lukasz
Kühne, Armin
Schnetzler, Simon
Hempel, Heinrich
Meier-Boeschenstein, Otto C.
Welten, Bernhard
Sprenger, Werner
Brunner, Matthias
Del Fabro, Marco
Stoyanov, Tervel
Trachsler, Herbert
Stumm, Andrea
Hery, Klaus
Schott, Markus
Foglia, Franco
Rutgers, Stefan
Marguerat-Meyer, Jens
Balsiger, Christoph
Frey, Harold B.
Götte, Urs N.
Weber, Alex H.
Weber, André
Bettoni, Peter
Blaeser, Alexander
Jäger, Myriam
Bonin, Duri
Stern, Hermann J.
Baumann, Jérôme
Reinert, Peter
Baumann, Ivo
Baeriswyl, Dominik
Stutzer, Maya
Bollag, Jedidjah
Loosli, Peter
Meier, Walter H.
Glenck, Johannes
Plüss, Adrian
Völker, Mathias
Day, Stefan
Schürmann, Hans-Jürg
Schweiter, Angela
Rothschild, Nathan
Reinle, Michael
Behrend, Sara Andrea
Prachensky, Tomas
Schoch, Claudia
Schroeder, Karl E.
Meile, Miryam
Weidmann, Raffael J.
Bürgi, André
Rom, Andrea
Klöti, Urs
Rey, Pascal
Städeli, Matthias
Geiger-Steiner, Alexandra
Lang, Nathalie
Pfau, Kurt
Altorfer, Peter
Christen, Severin
Mauerhofer, Kim
Schwarzenbach, René
Baumgartner, Paul
Fankhauser, Micha
Wetzel, Thomas
Spacek, Dirk
Stebler, Florian
Hajek Saxer, Renata
Heyder, Magdalena
Imhof, Alexandra
Nideröst, Peter
Eigenbrodt, Hermann
Werthmüller-Muric, Natascha
Huber, Felix
Prochazka, Marek
Trautmann, Matthias
Ackeret, J. Rudolf
Pappert, Christine
Hess, Jürg
Heuberger-Götsch, Olivier
Hulliger, Urban
Terlinden, André
Helfenstein, Marc
Birkenmaier, Max S.
Nater, Christoph
Kamm, Werner
Lautenschlager, Barbara
Pitschen, Gilles
Korolnik, Bernhard
Eitle, Michael
Baumann, Rahel
Stefos, Panagiotis
Jolles, Alexander
Dekker, Stephan
Grether, Felix
Arn, Matthias
Gut, Matthias
Defferrard, Luc
Daeniker, Daniel
Mattle, Karin
Anderes, Lucas
Künzler, Adrian
Schulthess, Sarah
Auwärter, Dorothee
Rohrer, Florian
Dobler, Xavier
Rom, Felix
Zeier-Aegerter, Marlene
Feierabend, Stephan W.
Schindler, Robert
Mahmud, Sarah
Daljipi, Ilir
Bosshard, Urs
Wieser, Salome
Koenig, Daniela
Graf, Karin
Henry, David P.
Schuler, Rolf
Hünerwadel, Patrick
Sykora, Daniel
Sameli, Katharina
Groz, Philipp
Kumschick, Mario
Bumann, Pius
Frei, Susanne
Wipfli, Hans
Ruggli, Monika
Rizzi, Marco A.
Kammerlander, Daniel
Heuberger, Walter
Gehrig Arbenz, Tanja
Naef, Judith
Grossmann, Martin
Stössel Casanova, Cornelia
Steffen, Heinz
Koletsis, Marco
Merz, Peter J.
Althaus, Stefanie
Kanitz, Gabriela
Ferrari, Alberto
Hochuli, Urs
Jucker, Patricia
Siegfried, Marianne
Salzmann, Patrik
Simon, Jürg
Beck, Filippo Th.
Triebold, Oliver
Krüger, Sven
Jäger, Tina
Haymann, Michel
Stupp, Eric
Kristol, Catherine
Peller, Stefan
Sutter, Georg
Spörri, Cordula
Schroeder, Heiko
Kunz, Tobias
Jacobs, Reto
de Sépibus, Catherine
Bertschy, Ingrid
von Albertini, Andreas
Stadelhofer, Carl
Wenger, Danielle
Egli, Nicole
Neiger, Armin
Inderbitzin, Ernst
Birchler, Heinz
Bauer, Christoph
Ackermann, Jakob
Kümin, Hans-Peter
Hürlimann, Silvan
Auf der Maur, Rolf
Verschuuren Kopfstein, Thomas
Christen, Claudia
Meier-Eichenberger, Evelyn
Schmidt, Maurin
Schär, Daniel
Epprecht, Michèle
Meier, Fabian
Kobsa, Michal
Bösiger, Markus
Steiner, Florian Louis
Mössinger, Rainer
Isler, Peter G.
Haefelin, Walter M.
Fink, Stefan
Baumann, Maja
Chassé, Isabelle
Biedermann, Verena
Kaczmarczyk, Dominik
Vischer, Markus D.
Schmidlin-Kaiser, Franca
Langhart, Albrecht
Bossert, Katharina
Kuhn-Meier, Christina
Pfenninger, Hanspeter
Steck, Kai-Uwe
Baumberger, Peter
Wälti, Felix
Candreia, Philipp
Kleb, Peter
Imhof, Sandro
Mösch, Johanna Angelika
Meier, Thomas
Wijesundera, Amalie
Gantner, Andreas
Schaller, Jean-Marc
Schaffner, Tom
Kupferschmid, Werner
Saupper, Eveline
Binder, Erich
Süess, Adrian
Hayek, Daniel
Kleiner, Jan
Zahner, Sara Anna
Schwaller, Julian
Bottiglione, Tanja
Schulthess, Hans Conrad
Kobi, Simon
Spühler, Karl
Varel, Yasemin
Wolf, Marco
Kraft, Urs O.
Graber, Christoph K.
Blattner, Lucius Richard
Leupi, Benjamin
Müller, Philipp
Gerber, Marc
Kloter, Michael R.
Käser, Andreas
Hubschmid, Marcel
Koenig, Beat Gino
Jenny, Daniel
Brunschweiler, André
Molina, Martin
Lerch, André M.
Hunziker, George
Stoll Polikowski, Christa
Bösch, René
Rinne, Christina
Haegi, Urs
Luchsinger Gähwiler, Catrina
Keller, Urs Peter
Guggisberg, Jürg
Staffelbach, Daniel
Demont, Janine
Huber, Roman
Peter, Erich
Bürge, Matthias
Solo de Zaldivar, Cristina
Hausherr, Florian
Hunsperger, Reto
Pfenninger, Markus
Isler, Valentin
Droese, Lorenz
Gloor, Oliver
Lüdi, Viviane
Widmer, Peter
Müllhaupt, Walter
Vaucher, Christoph
Nadelhofer, Simone
Bösch, Alexandra
Fontana Schümperli, Verena
Schär, Thomas
Züst, Lukas
Schneider, Mirko
Lot, Mirko
Brändli, Gian
Moser, Rolf
Kurer, Martin
Schober, Herbert
Moor, Konrad R.
Kull, Marianne E.
Simic, Aleksandar
Lotter, Meret
Karakök, Abdullah
Weinmann, Conrad
Stieger, Werner
Lanz, Martin
Forstmoser, Peter
Nikitine, Alexander
Lang, Ursula
Staub, Roger
Pfändler, Kurt
Gersbach, Andreas
Trümpler, Ralph
Fankhauser, Sibylle
Hellwig-Affentranger, Esther
Bernheim, Marc
Perrella Derbala, Alessandra
Facincani-Kunz, Dominique
Kissling, Mischa
Engel, Philipp
Schwarz, Nicolas
Briner, Robert G.
Domenig, Gaudenz F.
Bärlocher, Remy
Gibor, David
Boric, Martin
Enriquez, Miguel
Strazzer, René
Wilson-Naegeli, Sabina
Ott, Dominik
Furter, Robert
Winkler, Thomas
Bachmann, Adrian
Wolfer, Robert
Bölsterli, Urs
Fehrlin, Katja
Rigling, Raphael
Ljubicic, Samuel
Isch, Marcel
Dietschi, Willi
Plattner, Placidus
Carstensen, Regina
Olgiati, Lorenzo
Ramsauer, Adrian
George, Anya
Maag, Harald
Neidhardt, Stephan
Burkhalter Kaimakliotis, Sabine
Hamm, Michael
Jörg, Florian S.
Schnyder, Martin
Stulz, Stephan
Meier, Rafael
Zürcher, Isabella
Pestalozzi, Christoph M.
Pelli, Olivia
Kesselring, Felix
Gordon, Lucy
Neeser, Marco
Geier, Sandro
Demuth, Kristin
Coppola, Gerarda
Berni, Markus
Lorandi, Franco
Hauri, Beat
Laux, Christian
Hugelshofer, Markus
Binkert, Andreas
Steiger, Martin
Bhend-Rutishauser, Julia
Scherrer, Christian
Steckel, Christopher
Baumann, Max
Vieli, Bignia
Müller, Martin L.
Bianchi, Flavia
Meier, Monika
Schaad, Hans-Peter
Limacher, Fabienne
Tröhler, Bernhard
Haack, Stephan
Tranchet, Marcel
Thalmann, Roger
Schmid, Hans H.
Scamuffa, Nico
Gal, Andrée
Todesco, Corinne
Lippuner, Andrea P.
Blattner Schmutz, Nadine
Leder, Thomas
Schweizer, Jürg
Quinto, Cornel
Huber, Ueli
Braun, Tobias
Gäumann, Stefan
Russenberger, Marc
Müller, Danièle
Arpagaus, Reto
Werder, Michael
Magro, Enrico
Wiget, Lukas
Weber, Stefan
Schaub, Roland
Litscher, Niklaus
Middendorp, Malou
Schürch, Philipp
Kälin, Eva
Schmid, Albert
Werren, Hugo
Ruoss, Pio R.
Vögeli, Andreas F.
Bürgi, Johannes
Kirchhofer, Stefan
Schönenberg, Daniela
Kramer-Schwob, Franziska
Meili, Mark
Aebi, Martin
Futterlieb, Raoul
Schilter, Evelyn
Prechtl, Alexander
Rabian, Alexander
Herz, Nadja
Girguis, André A.
Aebi, Dieter
Favre Schnyder, Raphaëlle
Huber, Rolf
Gersbach, Christian
Stettler, Dietrich
Kronauer, Markus E.
Saputelli, Maja
Wigger, Fabian
Ritscher, Michael
Boehm, Hannah
Tönz, Leonhard
Walker, Géraldine
Capt, Louis A.
Oggier, Jonas
Rabaglio, Orlando
Hayer, Roberto
Wolf, Matthias
Fleisch, Christine
Hügi, Thomas
Münch, Dieter
Gfeller, Roland
Stäger, Hans-Peter
Kloter, Joachim
Fuentes, Maria-Luisa
Roth, Max Andreas
Nuber, Nicolai
Störi, Barbara
Volz, Stephanie
Homberger, Hans Ulrich
Frank, Friedrich
Müller, Peter
Rauber, Martin
Hoppler, Andi
Hulmann, Daniel
Berger, Mathis
Mathys, Andreas
Bannister-Etter, Elisabeth
Brüngger, Elisabeth
Gerhard, Frank
Gower, Julian
Arnet, Stephan
Schwarz, Beat
Kessi, Christine
Sommer, Karl
Zaugg, Dominik
Aemisegger, Claude
Frick-Moccetti, Heidi
Eggmann, Irene C.
Kessler, Franz J.
Thurneysen, Bastian
Knellwolf, Peggy A.
Bächtold, Simon
Giger, Marcel
Vuille, Jean-Marc
Schmid, Leo
Altenpohl, Martina
Wyler, Marion
Ammann, Christina
Kranich Schneiter, Cornelia
Peyer, Martin
Sintzel, Ursula
Föhn, Roger
Bärtschi, Harald
De Zordi, Eduard
Rohr, Christoph
Meyer, Patrick
Pestalozzi, Martin
Steiner, Martin
Bartels, Tobias
Nötzli, Harry
Josephsohn, Andreas
Wille, Eva
Braun, Markus
Ioli, Stefan F.
Wiesendanger, Ivo
Gschwend, Julia
Kesselbach, Stephan
Aeschlimann Wirz, Regula
Heeb, Thomas
Hafter, Peter
Vorburger, Simon
Kieser, Ueli
Frei, Sylvia
Sievi, Nino
Gattiker, Monika
Mathys, Beat
Hüppi, Susanne E.
Hagger, Walter
Waygood-Weiner, Anette
Vogt, Annaïg
Weber, Martin
Grun, Catherine
Cadisch, Michael
Weber, Walter J.
Glasl, Daniel
Fritschi, Eugen
Jost, Felix
Denoth, Seraina
Lerch, Christoph
Iliev, Patrick
Geosits, Christian
Wicki, Beat
Bähler, Regula
Weber, Horst
Gloor, Simone
Gessler, Dieter
Luks Dubno, Daliah
Reutter, Thomas
Weinmann, Lukas F.
Deillon, Guy
Linder, Alexandra
Borer, Jürg
Figi, Tobias
Mongiovì, Giuseppe
Sutter, Reto
Scholz, Anja
Hösly, Balz
Müller, Alfred
Berther, Oliver
Montanari, Mark
Trachsel, Daniel
Skrobala, Dominik
Salzer, Michael
Maurenbrecher, Benedikt
Gordon, Clara-Ann
Klaus, Samuel
Latour, Jeanine
Baldi, Peter
Hinny, Pascal
Mozar, Marta
Thomann, Martin
Röthlisberger, Thomas
Grundmann, Oliver
Vlk, Tatanja
Schmelzer, Dan
Hauenstein, Andreas
Hebeisen, Christoph
Bortoluzzi, Mario
Elsener, Andreas
Schumacher, Benjamin
Schwitter, Gaudenz
Orelli, Mariella
Bonassi, Nicolas
Vögeli Galli, Nicole
Baudacci, Mario C.
Ribi, Jigme
Rambert, Bernard
Zenuni, Hanife
Müller-Tschumi, Thomas
Luthiger, Reto
Willi, Konrad
Thomi, Roger
Cao, Rainer
Wyss, Dominic
Imstepf, Ralf
Wille, Hans
Blättler, Manuel
Exner, Christian A.
Spörri, Thomas
Tobler, Felix
Walder-Schiavone, Elena
Sturny, Thiemo
Hässig, Kathrin
Richter, Daniel
Burger, Andreas
Haller, Anja
Chlup, Richard
Theiler, Peter P.
Kehl, Simon
Burkard, Thomas M.
Laur, Barbara
Spadin, Marco
Baumann, Lorenz
Hentz, Claude
Heinzen Humbert, Béatrice
Habrik, Marco
Imthurn, Martin
Nigg, Hans
Laki, Andreas
Herrmann, Berthold
Maier, Paul
Spörri, Beat
Baumgartner, Esther Manon Eva
Suter, Felix
Sprenger, Thomas
Lötscher, Samuel
Kern, Martin
Kuoni, Wolfram
Montanaro, Giovanna
Haffner, Silvia
Rechsteiner, Kuno W.
Tschudi, Jean-Pierre
Eichenberger, Christian
Pair, Lara Michaela
Zogg, Adrian
Gygax, Reto
Dubs, Stefanie
Frei, Peter
Brunner, Ursula
Graf, Damian
Gütling, Nicole
Murmann, Thomas
Herzog, Sabine
von der Crone, Hans Caspar
Minet-Sauter, Karin
Schraner, Hans
Hinsen, Andreas
Langenauer, Daniela
Oneyser, Stéphanie
Küpfer, Daniel
Stieger, Felix
Kamer, Chasper
Giger, Gion
Bettschart, Xaver
Wieduwilt, Beat
Schmutz, Patrick
Rappold Müller, Elena
Kremer, Michael
Frey, Fritz
Demi, Valentina
Marazzotta, Lorenzo
Jordi, Urs
Gnehm, Oliver
Boog, Christopher
Schmidt, Vera
Schwendener, Niklaus
Rudolph, Ryan
Weber, Christian
Breitenstein, Martin
Hünerwadel, Andreas
Näf, Patrick
Lehner-Höhener, Regina
Ulrich, Franz-Xaver
Rizzello, Gianni
Masser, Anna
Meng, Kaspar
Krusche, Claudia
Österreicher Spaniol, Gudrun
Barcikowski, Eduard M.
Kunz, Christian
Meier-Pinheiro, Joana Maria
Affentranger, Markus
Weber, Martin Karl
Peter, Roger
Raess, Markus
de Beer, Alexander I.
Miller, Stephanie
Zürcher, Bernadette
Risse, Barbara
Jahnel, Werner
Schmid, Christian
Aerni, Dominik
Delcò, Fabio
Ernst, René
Gresch, Markus
Wettenschwiler, Suzanne
Hofstetter, Andrin
Müller, Georges
Lehmann, Manfred
Scenini, Jean Louis
Sommer, Christa
Lusser Treyer, Judith
Le Soldat, Alex
Ritzmann, Eliane
Mumenthaler, Andreas
Tavor, Eyal I.
Stutzer, Hansjörg
Leimgruber, Stefan
Hohler, Michael
Prümmer, Felix
Schiavi, Cristina
Hohler, Christoph
Bretschger, Felix U.
Bigler, Adrian
Haeberli, Daniel
Dorschner, Sophie
Wenger, Daniel
Adams, Patricia
Fischer, Roland
Nussbaumer, Jan
Maas Thurnherr, Sanna
Cardinaux, Basile
Borbély, Cornel
Rüegg, Felix
Papa, Roberta
Robert, Florence M.
Hegglin, Roger
Leuenberger, Erwin
Romy, Isabelle
Kieser Blöchlinger, Nadine
Oehrli, Markus
Planinic, Tanja
Rentsch, Rudolf A.
Walser, Hermann
Bertisch, Christoph
Gontersweiler, Till
Ingber, Karin
Stacher, Marco
Honegger, Jürg
Egli, Laura
Antognini, Daniel
Stadelmann, Rafaela
Kübler, Stephan
Weiss, Ulrich
Favre, Olivier
Zürcher, Wolfgang
Hochstrasser, Emanuel
Furrer, Karin
Indermaur, Ingrid
Fischer, Felix
Stojan, Teddy S.
Rohner, Louis
Fahrni, Silvan
Meier, Eric Olivier
Cereghetti, Leonardo P.
Lautenbach-Koch, Annegret
Brunner, Urs
Sosso, Allegra
Lienert, Adrian
Hachem, Pascal
Nater-Bass, Gabrielle
Hochstrasser, Daniel
Imbach, Patrick
Burkart, Thierry
Buzzi, Edoardo
Schilter, Arthur
Rohner, Christian
Fröhlich, Korinna
Schiller, Kaspar
Farner, Martin
Cagienard, Mark
Ceregato, Mirco
Moser, Robin
Butz, Ralph
Schobloch, Karen
Trachsel, Marc
Scherrer, Stefan
Vultier, Eric
Sigg Bonazzi, Lotti
Lienhart, Astrid
Oertle, Matthias
Buob, Franziska
Stählin, Sophie
Lerch, Patrick
Häner, Isabelle
Kuhse, Sven
Keller, Andreas G.
Leimbacher, Jürg
Spring, Raphael
Hoffmann, Karin
Rübel, Martin F.
Herter, Rolf
Hilber, Sarah
Jann, Dieter
Schmoker, Andrea
Honegger, Thomas
Truffer, Roland
Simon, Stefan
Schleifer, René W.
Weibel, Adam
Stutz, Michèle
Peter, James T.
Rauber, Georg
Hartl, Rolf
Walser Kessel, Caroline
Läser, Alessandra
Reetz, Carola
Guzzi, Renzo
Urbach, Guido
Mühlestein, Bernhard
Meier, Luca
Harburger, Jürg
Mamane, David
D'Ambrosio, Carlotta
Hirsiger, René
Lehmann, Peter
Hunziker, Bruno
Kuhn, André
Rosenow, Ralf
Schmid, Luciano
Gautschi, Rudolf
Waser, Astrid
Gut-Schweizer, Eva
Theiler, Stefanie
Neuenschwander, Peter K.
Fuchs, Elke Lieselotte
Weber, Daniel S.
Krapf, Markus
Luginbühl, Jürg Oskar
Jovovic, Ljubica
Rösli, Brigit
Schatz, Peter
Sager, Christian
Jakob, Marcel
Bühler, Gregor
Wirth, Markus
Lohrer Rusch, Maya
Metzger, Albrecht
Studerus, David
Wyss, Christof
Rigert, Christian
Burckhardt, Peter
Naegeli, Stefan D.
Bärtschi, Regula
Ferrari Hofer, Lorenza
Burkhalter, Roland
Morgenbesser, Mischa
Müller, Dominique
Bühr, Daniel Lucien
Stolkin, Philip
Vago, Roger
Arter, Oliver
Ghandchi Schmid, Jasmin
Patroncini, Eva
Dreifuss, Sylvain M.
Lemke, Michaela
Krauskopf, Patrick L.
von Uslar, Anabel
Bühlmann, Patrick
Züllig, Robert E.
Hadorn, Robert
Feit, Michael
Zimmermann, Stephan
Kunz, Simone
Kohli, Thomas
Martin, Céline
Gnos, Urs P.
Alabor, Jean-François
Malacrida, Ralph
Gassmann, Jürg
Reetz, Peter
Probst, Marc
Rich, Lukas
Class, Eduard
Meyer, Bernhard F.
Staub Weidmann, Bernadette
Kramer-Oswald, Denise
Federspiel, Jürg
Zweifel, Martin
Zuppiger, Johannes
Sutter, Fabian
Egle, Katja
Weyermann-Züger, Jacqueline
Hafen, Luzius
Schellenberg, Sabina
Meister, Hadrian
Gut, Susanna
Kaiser, Markus
Helbling, Johannes
Schaumann, Claudia
Weber, Philippe A.
von Graffenried, Christoph
Jagmetti, Luca
Rickenbach, Matthias W.
Weber, Rolf
Delnon, Vera
Affolter-Eijsten, Heidi
Friedauer, Susanne
Hirschle, Matthias Felix
Steiner, Christoph
Rüegg, Erich
Handle, Marco
Sprenger, Peter
Wenker, Philippe G.
Aepli-Wirz, Martina
Schwaninger, David
Hoffet, Franz
Widmer, Jeremias
Frigerio, Antonio
Hofbauer, Simone
Zwicker, Jacqueline
Gautschi, Melissa
Bösch, Michael
Brunner, Raphael
Reinhardt, Stephan
Wenner, Martin
Gose, Anja
Graf, Tanja
Häusermann, Angelika
Schmid, Alexander
Christe, Daniel
Desax, Marcus
Luchsinger, Alain
Beyeler, Martin
Monnier, Philippe E.
Bürgi Locatelli, Karin
Mascello, Bruno
Pachmann, Thilo
Christen-Schibli, Fabienne
Huber, Andrea
Bolzli, Peter
Meyer, Christian A.
Stebler, Simone
Lengyel, Claude Antal
Grunder, Silvio
Vetter-Schreiber, Isabelle
Gil, Juan Carlos
Morf, Roger P.
Da Rugna, Romeo
Zihlmann, Magda
Senser, Oliver
Scheubel, Patrick
Winter, Herbert
Rauch, Men
Thouvenin, Florent
Wirth Zubler, Sibylle M.
Reichenbach, Donald
Spirig, Irène
Häfeli, Carlo
Petazzi, Daniel
Metzger, Marc
Arioli, Martina
Gnädinger, Andreas
Wüstemann, Tina
Amsler, Martin
Wiederkehr, Alfred J.
Schwibs, Nadin
Moser, Peter
Zaugg, Lisa
Mona, Marco
Stein, Peter
Hartmann, Rolf
Brüderlin, Phelan Shawn
Wildhaber, Christoph
Schramm, Peter
Schnoor, Nicole
Baer, Jakob
Kuhn, Peter
Frey, Tom
DuBois, Jeanne
Weiss-Kondorosy, Kinga M.
Grand, Robin
Ramildi, Brigit
Oberdorfer, Michael
Sieber, Roman J.
Sert, Suat
Luginbühl, Jürg
Houlmann, Muriel
Zeller, Ernst
Dizdarevic, Azra
Ammann, Roger
Zimmermann-Aeschbach, Silvia
Zoller, Jürg
Wyden, Marzel
Eckert, Martin
Zobl, Dieter
Ruzek, Thomas
Hager, Tanja N.
Pouget-Hänseler, Eva
Unholz, Stefan
Griesshammer, Erwin R.
Bernet, Robert
Hippele, Thomas Ch.
Schülin, Dominique
Jaeggi, Linus
Reimann, Thomas
Wyss, Lukas
Hanhart, Andrea
Bremer, Frank
Kriegers-Tejura, Leena
Breitenstein, Stefan
Bratschi, Peter
Lohrer, Reto
Wahrenberger, André
Gunz Niedermann, Florian
Schai, Jean-Christophe
Loepfe-Lazar, Gabriela
Graf, Hans Jörg
Schärer, Heinz
Schwarz, Felix
Schleiffer, Patrick
Leu, Daniel
Huber, Michael
Leuch, Andreas
McQuillen, Monika
Zanetti, Nadine
Geiger, Alex
Gurovits, András A.
Hofstetter, Evelyn
Ris, Thomas
Götte, Markus
Näf, Moritz
Lindemann, Alexander
Hofmann, Dieter
Bürkle, Martin
Balkanyi-Nordmann, Nadine
Marro, Pierre-Yves
Bachmann, Dominik
Koller, Adrian
Zenhäusern, Urs
Breidenstein, Stephan
Ruoss, Reto Thomas
Haefeli, Andrea
Schmidiger, Irma
Bänziger, Martin
von Burg, Peter
Graf, Ursula
Baumgartner, Samuel
Leuch, Kim
Rütimann, Peter
Hauser, Reto A.
Gerber, Nora
Vogel, Alexander P.C.
Setz, Anna Lea
Weidmann, Markus
Laeuchli, Urs M.
Trüssel, Annina
Dim, Katarina
Pflüger, Severin
Meyer, Christoph
Abegg, Andreas
Waldburger, Martin
Cadosch, Beat
Nater, Hans
Jau, Martin
Bayer Bürgi, Esther
Jegher, Gion
Cereghetti, Marco
Felder, Michael
Braun, Martina
Etienne Calame, Andrea
Humm, Caspar
Rüd, Andreas
Carbonara, Antonio
Baumann, Karin
Martens, Fabian
Wiget, Matthias
Kaspar, Hanspeter
Bellofatto, Nikola
Nobs, Corinne
Ghaemmaghami, Payám
Gasche Bühler, Jürg
Wipfli, Peter
Spörri, Adolf
Bischoff, Markus
Urech, Daniel
Alder, Markus
Lindenmeyer, Jakob
Hirt, Alexandra
Müller, Jürg P.
Fernández, Nicole
Dürst, Yvonne
Passadelis, Nicolas
Späni Saethre, Irene
Loosli-Cosman, Marion
von Zedtwitz, Clemens
Nicoli, Mauro
Schläpfer, Anita
Sieger, Marianne I.
Benjamin, Eliane
Holenstein, Markus
Wiki, K. Bernard
Erne, Urs
Krepper, Peter
Stutz, Ulrich M.
Anderegg, Viviane
Tagwerker, Erich
Rampini, Corrado
Ringger, Rolf
Blumenfeld, Marc
Glanzmann, Lukas
Schneider, Jürg
Furrer, Martin
Böhi, Reto
Alder, Daniel
Stern, Eric
Tank Weber, Gabriela
Christen, Marquard
Derrer, Bruno
Süess, Cyrill
Schoch, Ruedi Karl
Bucher, Manuel
Gysler, Oskar
Mayr, Marc
Keller Lüscher, Katrin
Bloesser Bräm, Anja
Prager, Tis
Walder, Daniel U.
Messikommer, Koni
Dubs, Jürg
Raess-Eichenberger, Susanne
Scherrer, Frank
Schmid, Ralph
Spillmann, Till
Utzinger, Katharina
Kramer, Michael
Seiler, Philippe
Duarte, Ludovic
Keller, Thomas
Holenstein, Daniel
Grieder, Thomas
Kühnis, Stefan
Pongratz, Désirée S.
Haltiner, Alfred
Rioult, Jean-Luc
Bieri, Andreas
Schobinger, Antigone
Frech, Daniel
Rutschmann, Felix
von Meiss, Florian
Wissmann Lukesch, Judith
Campanile, Fabrizio N.
Brei, Gerald
Neuroni, Heidi
Suter, Adrian
Hüsler, Wolfgang
Picenoni, Reto
Sutter, Andreas
Albert, Thomas G.
Pöschel, Ines
Casutt, Andreas
Peter, Christoph
Naegeli, Vera
Siegrist, Robert
Rees, André
Geiser, Matthias
Rupf, Charlotte
Born, Christoph
Eschmann, Stephan
Peter, Marina
Lerch, Katja V.
Otto, Philipp E.
Neupert, Dieter W.
Bernhard, Reto
Sigrist, Jonas
Kaempf, Markus
Berger-Fehr, Andrea A.
Maissen, Adriano
Rom-Bernheim, Caroline
Heiz, Roman
Hirschberg, Susanne
Raeber, André
Ammann, Jürg M.
Richard, Pascal
Friedli, Karin
Schmid, Peter J.
Winkler, Michael
Allemann, Hans-Martin
Spagno Fritsche, Barbara
Ruf, Christian
Goetschel, Antoine F.
von Gunten, Jean-Marc
Livschitz, Mark M.
Thomann, Kathrin
Fankhauser, Tobias
Rechsteiner, Urs
Fromm, Hartmut
Wittmann, Alex
Buff, Daniel
Morscher, Lukas
Mägerle, Daniel
Bopp, Michael
Harbeke, Nils Olaf
Patak, Sascha
Spahni, Thomas
Schlegel, Stephan
Egg, Bibiane
Remin, Andrzej
Vogel, Severine
Schweizer, Kurt C.
Reinhardt, Christoph F.
Forrer, Andreas
Willi, Florian B.
Robbiani, Romaine
Rüesch, Thomas
Kaufmann, Oliver
Fischer, Franz C.
Geiser, Riccardo
Dedeyan, Daniel
Leisinger, Benjamin
Abdelaziz, Amr
Mora, Mauro G.
Rippmann, Reiner
Berlinger, Katja
Willi, Christoph
Teuscher, Kathrin
Koch, Thomas
Rippmann, Stephanie
Frick, Jürg
Killias, Laurent
Siegl, Ursina
Reger-Wyttenbach, Ursula
Umbricht, Georg C.
Greiner, Werner
Bucher, Renato
Oser, David
Martig, Christoph P.A.
Schibli, Hans R.
Beusch-Liggenstorfer, Christine
Fuchs, Michael
Tobler, Martin
Ruckstuhl, Lea Annina
Knezevic, Tanja
Dorjee-Good, Andrea
Hartmann, Jürg E.
Balsiger-Geret, Franziska
Müller, Regula
Schmid, Christoph Oliver
Pfisterer, Stefanie
Hugentobler, Rudolf
Lebrecht, André E.
Rabaeus, Nina
Rutishauser, Frank
Danuser, Gian Andrea
Zondler, Georg
Arndt, Christine
Schoch, Daniel
Buis, Eric
Enzler, Alex
Di Marco, Giuseppe
Streiff, Matthias
Hofer, Peter
Widmer, Christian
Widmer, Christoph
Bloch, Juerg
Brender, Thomas
Sapienza, Claudia
Berchtold, Tamara
Adler, Denis Oliver
Valloni, Lucien W.
Hünig, Markus
Hochstrasser, Thomas
Carl, Barbara
Taugwalder, Gabriela
Stauffer von May, Nando
Waeber, Thomas
Barrot, Michael A.
Christen, Christian
Sigrist, Jürg
Reich, Thomas
Perini, Flavio A.E.
Jacob Siradakis, Cornelia
Höhn, Jakob
Burger, Jürg M.
von Sprecher, Andreas
Bühler, Richard
Byland, Christoph
Bussien, René
Catelli, Cinzia
Thormann, Thierry
Romang, Dominik
Lindenmayer, Philipp
Glarner, Andreas
Sieger, Kurt
Egli, Roland
Bortolani-Slongo, Margherita
Krizaj, Thomas
Ambauen, Theodor A.J.
Farner-Schmidhauser, Doris
Kammermann, Urs
Hebeisen, Detlev
Bono-Hörler, Caroline
Borens, Philippe
von Ziegler, Alexander
Mohs, Florian
Kotrba, Christina Katharina
Orlando, Danilo A.
Eschmann, Urs
Schierbaum, Ruth
Wiedler Friedmann, Ralph
Bickel, Rolf
Niedermann, Vanessa
Stierlin, Konrad
Niehus Helbling, Kaija
Hsu, Peter
Kaestlin, Jürg
Tethong, Ganden
Santoro, Dimitri
Juchler, Christian
Gattlen, Thomas
Petralia, Salvatore
Belser, Peter M.
Schubiger, Werner A.
Blunschi, Edith
Biber Lutz, Irene
Goebel, Claudia
Bühler, Roland
Pichler, Markus
Zimmermann, Mathis
Blöchlinger, Yves
Loher, Thomas
Müller, Damian
Studer, Franziska
Thaler, Paul
Mullis Tönz, Regula
Spoerlé, Philip
Rihar, Petra
Rohner, Thomas
Heim, Renata
Stucki, Katharina
Elser, Georg
Cantieni, Fabian
De Vito Bieri, Sandra
Bettoni, Jürg
Weisshaupt, Monika D.
Tinner, Andreas
Kübler, Thomas
Meyer, Thomas M.
Veuve, Pascal
Tillman, Christopher
Gabrieli, Josef
Levy, Roy
Dorigo, Lara
Ronzani, Daniel
Wind, Christian
Stäuber, Richard
Müller, Oskar
von Jeinsen, Isabelle
Derungs, Vitus
Niedermann, Marco
Abegglen, Sandro
Markwalder, Nora
Filli, Elena
Schreyer, Désirée
Ivell, Katrin
Strebel, Donatus
Bischoff, Patrick
Egli, Martin
Künzi, Eva Alexandra
Roberto, Vito
Meng, Franz
Meier, Hans Werner
Kirchschläger, Caroline
Frauenfelder, Jakob
Sauser, Pascal
Rohrer, Hans J.
Blättler, Adrian
Egli, Heinz
Herzog, Carole
Wiedmer-Scheidegger, Carol
Sohm, Martin
Hammer, Franziska
Meer, Michael A.
Steiner, Jürg
Grimmer, Michael
Bruderer-Lattmann, Stephanie
Gubser Kuster, Yasmin
Gassmann, Jonas D.
Mathiassen, Lars
Fatton, Isabelle
Holenstein, Patrizia
Viganò, Adriano
Meister, Thomas
Mazzariello, Laura
Roth, Samuel
Brazzoduro, Petra
Schmid, Thomas
Holdener De Simone, Mirjam
Vögeli, Urs
Schneider, Patricia Lucia
Stiffler, Hans-Kaspar
Kaufmann Schumacher, Christian
Romann, Martin
Maetzke, Lukas
Hartmann, Christian
Bornhauser, Jonas
Suter-Sieber, Irène
Gamma Ammann, Olga
Ehrli, Nicola
Naescher, Anaïs Franziska
Schwarz, Stephanie
Modl, Christian
Ritter, Richard C.
Ehrsam, Simone
Schütz, Alfred
Largier, André
Dias, Nirmala Maya
Juri, René
Müller Tremonte, Caroline
Roesle, Max C.
Zanotelli, Reto
Hobi, Patrick
Moeri, Jürg
Wyler, Juerg
Karrer, Pierre A.
Marty, Marco S.
Satmer, Franz
Kihm, Seraina L.
Bachmann, Roland
Kaelin, Urs A.
Jositsch, Daniel
Keller, Walter
Effenberger, Julius
Siegrist Stoll, Eva
Monge, Stefanie
Blumer, Sandra
MacNab, Jillian
Zuber, Anne-Françoise
Hefti, Andreas
Weiss Voigt, Alexandra
Grubesa-Milic, Andjelka
Bürkler-Giussani, Luisa
Lippuner, Jeannette
Maurer, Moritz
Scotoni, Silvio
Schuler, Alois
Luuk, Jan Ole
Käppeli, Nadine
Camenzind, Hugo
Burkhardt, Martin
Rosselet, Pierre André
Weil, Birgit
Niederer, Hans
Karrer, Robert
Gutzwiller, Peter Max
Bruppacher, Mark C.
Vogel-Etienne, Ueli
Teitler, Mirjam
Wyss, Thomas
Meier, Katalin
Feller, Urs
Villiger, Tonia
von Niederhäusern, Laurent
Poltéra, Marc
Kümin, Hanspeter
Säuberli, Johannes
Brassel, Christof
Knakowski-Rüegg, Oliver
Grüninger, Marc
Nordin, Michael
Tschäni, Rudolf
Glättli, Elisabeth
Girard, Alain
Wahlquist, Nadine
Michel, Werner
Limburg, Andreas C.
Vogel, Manon
Oggenfuss, Cynthia
Frick, Markus
Staiger, Hans-Rudolf
Marbacher, Samuel
von Salis, Ulysses
Hauser, Silvan
Müller, Peter
Forster, Michèle
Hilti, Christian
Bieri, Adrian
Widmer, Oliver
Wiede, Andreas
Haberbeck, Philipp H.
Bernasconi, Silvio
Baumberger, Thomas
Strütt, Adrian
Brack, Thomas
Wiederkehr, Peter
Gassmann, Richard
Reichenbach, Jürg
Steiner, Hans Rudolf
Baumberger, Xaver
Butz, Konrad
Guerra, Patricia
Paltzer, Edgar H.
Faoro, Franco
Schaerz, Patrick
Kreutzmann, Marina
Sauter, Daniel
Iseli, Thomas
Endrass, Yves
Känzig, David F.
Wenger, Boris
Peter, Natalie
von Salis-Bilfinger, Heidi
Bänziger, Urs
Fothergill Fehr, Jacqueline
Künzler, Matthias
Erne, Matthias
Möhler, Christine
Schnyder, Donald N.
Dünner-Graf, Angelica
Mörikofer Fässler, Monika
Schindler, Alex
Meier, Kurt
Wasinger-Rüegg, Regula
Galli, Marco
Knecht, Brigitte
Weber, Georg
Faber, Jutta
Keller, Marcel
Sulser, Marco
Jacquemart, Nicolas
Benz, Nicola
Richers, Roman
Ruggle, Peter
Kellerhals, Andreas
Teitler, Eric
Lenzlinger, Annette
Müller, Wolfgang
Giusto, Claudia Géraldine
Jentsch, Valentin
Reiter, Matthew T.
Choquard, Maurice
Sauter, Samuel
Schnyder, Marion
von Kaenel, Adrian
Weislehner, Kathleen
Martin, Jürg
Hälg, Thomas
Schaller, Philipp
Schweizer, Mark
Mathys, Roland
Dietrich, Martin
Meyer, Konrad
Kägi, Urs
Peyer, Patrik R.
Wintsch, Alexander
Thöni, Ruadi
Kramer, Andreas
Gasser, Christoph
Hutterli, Claus
Loosli, Mauro
Brunnschweiler, Stefan
Hauser, Marc T.
Gubler, Simon
Gujer, Alfred
Birkner-Bilek, Eva
Blum, Stefan
Zwicky, Laura M.
Lengauer, Daniel
Bill, Markus
Kessler, Martin A.
Hungerbühler, Ivo W.
Birgelen, Christoph
Séchy, L. Georg
Weber, Marc
Kühnlein Specker, Isabel
Steiger, Georg
Rappold, Oliver
Rickenbach, Andreas M.
Wullschleger, Paola
Hunziker-Blum, Felix
Niggli, Christina
Zumstein-Sala, Sonja
Wiesli, Martin P.
Gozzi, Niccolò
Schmid, Jean-Daniel
Kuhn, Moritz
Lüscher, Martin
Stutz, Christoph
Arnold Haas, Rita
Berger, Kurt
Forrer, Fiona
Veit, Marc D.
Ziehe, Katja
Chopard, Dominique
Engel, Caroline
Good, Paul-Lukas
Keiser, Barbara Alexandra
Drolshammer, Jens
Raimann, Anita
Rausch, Heribert
Maron, Jürg
Schulz, Heike
Flink, Alexander
Gonzalez Quarante, Fabricio Eloy
Favalli, Daniele
Zuzak, Jaroslav Rudolf
Schöpfer-Pfenninger, Barbara
Spirig, Sandra
Werner, Markus J.
Clodi, Maria
Reich, Philippe M.
Bühlmann, Andreas
Vokinger, Kerstin Noëlle
Dasser, Felix
Busslinger, Remo
Eugster, Claudia
Schuppli Meyer, Annette
Dickenmann, Philipp
von Erlach, Wolfgang
Czitron, Michel
Rudolph, Roger
Lätsch, Andreas
Gabriel, Simon
Walter, Marc
Zgraggen, Jacob
Strebel, Mario
Bürgi, Thomas
Brauchlin, Christian Friedrich
O'Neill, Patrick M.
Zimmerli, Daniel
Wyler-Schmelzer, Carmela
Zumbach, Tobias
Bollmann, Hans
Hürlimann-Fersch, Carolin
Appenzeller, Hansjürg
Haymann, Eric
Sieber, Andrea
Wohlmann, Herbert
Netzle, Stephan
Peter, Flavio
Anderes, Dominique
Fuchs, Simone
Bader, Manuel
Singer, Ilona
Diggelmann, Bettina
Zirngast, Marcel
Stössel, Thomas
Schott, Bertrand
Rechsteiner, Stefan
Arpino, Silvano
Hunn, Simone
Schmid, Dominik
Friz, Enrico
Studer, Christoph D.
Banzer, Alexander
Zanetti, Livio
Trachsel, Elisabeth
Eichhorn, Alexander
Navarini, Gregor
Sigg, Christa
Haefele, Heinz O.
Kamber, Marco
Niedermann, Beryl
Bezel Martin, Sabine
Mac Nicholas-Nekukar, Caroline
Eggenschwiler Suppan, Silvia
Ducksch, Petra
Ling, Peter
Geiger, Jürg
Kokotek Burger, Roland
Krause, Peter M.
Noth, Michael
Bortolani, Sergio
Theurillat Langenegger, Isabelle
Husmann, David
Dörig, Markus
Dennler-Hager, Pia
Uffer, Marco
Romero, Albert
Memeti, Rinon
Fischer, Rolf
Brönnimann, Thomas
Schoch, Corinne
Hosek Bryner, Michaela
Lazopoulos, Michael
Rhiner, Franziska
Kohler, Stefan
Arroyo, Manuel
Jucker, Peter
Ileri, Atilay
Lenhard, Hansjürg
Fingerhuth, Thomas
Mensik, J. Mischa
Reutimann, Jürg
Högger, Nathalie
Schaub, Christoph
Scheurer, Thomas
Küng, Miriam
Zemp, Thomas P.
Brauchbar Birkhäuser, Simone
Hischier, Roger
Benisowitsch, Gregor
Meyer, Karin
Niederer, Christoph
Obrist, Meret
Stark Bürki, Milena
Grell, Boris T.
Lüscher, Christian
Brassel, Mirjam
Gross, Marcel Pierre
Hürlimann, David
Locarnini, Mauro
Thanei, Anita
Schmid, Thomas M.
Weibel, Marina
Singh, Vijay
Brunner, Birgitta
Häberli, Christoph
Horschik, Matthias
von Rechenberg, Beat
Blattmann, Andreas D.
Hug, Gitti
Pola, Michel
Saner, Kaspar
Wyss, Daniel
Bruhin, Roman
Peyer, Markus
Guggenbühl, Markus
Vrsalovic, Bepino
Kämpfen, Marc-Antoine
Heller, Heinz
Stojiljkovi?, Mladen
Lips, Michael
Leemann, Dominique
Amstutz, Philippe
Frank, Cristina
Tschudi, Matthias
Widmer, Ernst A.
Oertli, Reinhard
Marugg, Daniel
Maritz, Daniel
von Arx, Erich
Schmucki, Daniela
Lehner, Georg R.
Decurtins, Daniel M.
Papadopoulos, Dimitri
Aliotta, Massimo
Greter, Jürg
Comtesse, Stephanie
Giger, Hans
Zollinger, Kurt
Jucker, Oliver
Ueltschi, Rahel
Reutter, Mark A.
Frey, Marcel
Schild, Heinz
Weber-Stecher, Urs
Looser, Martin
Ziegler, Katia
Pfister, Arlette
Jaquenod, Francis
Suffert, Christian
Wiederkehr, Georg
Zeiter, Alexandra
Buhr, Axel
Meili, Yves
Meier, Isaak
Herb, Martin
Stieger, Peter
Caprez, Gian-Andrea
Bermejo, Oliver
Stähelin, Johannes
Schoch, Jannes
Wolff, Michael
Barandun-Gross, Nicole
Schwaibold, Matthias
Feller, Verena
Widmer, Irene
Vogel, Guido
Saxer, Urs
Dössegger, Rafael
Theiler, Kaspar
Cavelti, Luzi
Nüesch, Sabina
Maizar, Karim
Bonderer Wittmann, Bettina
Umbach-Spahn, Brigitte
Hoffmann-Nowotny, Urs
Gemperli, Dominique
Bühler, Karin Ursula
Albers, Max
Imeraj, Teuta
Rosenberg, Berysz
Boller, Urs
Brand, Armand
Vuillaume, Olivier
Reiser, Hans
Habegger, Philipp
Uhlmann, Peter
Walther, Michael
Sonnenmoser, Brigitta
Brack Wechsler, Doris
Bernard, Stephan
Isler, Peter T.
Fraefel, Christian
Blumenthal, Christina
Camponovo, Rico A.
Isler-Huguenin, Marie-Louise
Rohde, Thomas
Kuy, André
Raewel, Dina
Wirz, Roger
Müller, Andreas
Heiniger, Daniel
Diem, Hans-Jakob
Perroulaz, Kilian
Badertscher, Barbara
Bosshart, Melanie
Koelliker, Matthias
Wickihalder, Urs
Snijders, Ingmar J.M.
Gaberthüel, Tino
Gretler, Sven
Kneller, Michael
Prinz, Marc Ph.
Bisang, Raymond
Koller, Christian
Nusser, Raphael
Bernet, Benno
Rochaix, Marcel
Palmberger, Herbert
Mráz, Michael
Liatowitsch, David
Calderan, Massimo
Stehlik, Claudia
Harmann, Robert
Rutschi, Federico Marcos
Langhard, Kurt
Krummenacher, Theo
Kunz, Oliver M.
Stieger-Gmür, Regula
Reutter Gerster, Christina B.
Treis, Michael
Gwerder, Gabriela
Werder, Manuel
Poledna, Tomas
Staffelbach, Oliver
Roš, Mirko
Nägeli, Caterina
Hess, Hans-Joachim
Meister, Matthias
Fravi, Gondini A.
Sintzel, Kurt
Studer, Dominic
Blum, Oliver
Becchio, Bruno
Bartel, Reto
Goecke, Frank
Willimann, Adrian
Pugatsch, Sigmund
Lustenberger, Urs
Meyer, Barbara
Ferrari-Visca, Reto Sandro Tonio
Horlacher, René
Borer, David
Dannecker, Regula
Kahlhöfer, Torsten
Spörli, Thomas
Sieger, Pascal
Küng, Sandra
Cavallo Dietrich, Angela
Sommer, Brigitte
Schindler, Thomas
Schmid, Stefan J.
Jezler, Richard
Hess, Martin
Aerni, Daniel
Eisenring, Marlen
Bacchi-Hartmann, Ursina
Duss, Florian
Heberlein, Max H.A.
Zwahlen, Rolf
Fischer, Alexander
Isler, Christoph
Werlen, Stephan
Stanek Brändle, Mirjam
Erb, Andreas
Taormina, Andrea
Fehr, Harro
Iskic, Maria
Wüest, Hugo
Kraft, Stefan
Jung-Utzinger, Julia
Hauser, Robin
Jara, Carolina
Gerber, Florian
Bischoff-Guntli, Nora
Moretti, Enrico
Nowack-Sommerhalder, Christine
Giger, Andrea
Höfliger, Erwin
Bühler, Theodor
Thommen, Sibylle
Näf, Markus
Ghazi, Rachid
Reudt, Daniel
Hagmann, Markus
Sutter, Christian
Brunner, Adrian
Besser, Rolf
Bahar, Rashid
Rüdy, Bernhard
Huber, Michael
Hoch, Mariel
Kohli, Ulrich
Keller, Stephan A.
Schmid, Christoph
Buchschacher, Irene
Frick, Georges D.
Klarer, Heinz
Fusi, Marco
Largo, Annina Maria
Winkler, Sophie
Häusermann, Thomas
Dilger, Peter
Klein, Thomas
Bianchi, Luca
Vogel, Bernhard
Fuchs, Allen
Keller Jupitz, Carolina
Zanetti, Gianni F.
Prader, Gianandrea
Kammerer, Adrian
Rohner, Tobias Felix
Bützberger, Marisa
Hegetschweiler, Hans
Spring, Sharon
Willimann, Oliver
Neeracher, Christoph
Künzli, Peter
Känzig, Reto B.
Can, Harun
Piras, Chiara
Breitenmoser, Franz
Leuenberger-Roiha, Monika
Baumgartner, Hans
Büttler, Marc R.
Bosshardt, David
Bürgi, Paul
Kaeser, Cyrill
Ammann, Martin
Wettstein, Carmen
Di Rocco, Marino
Müller, Niklaus B.
Roh, Stephan C.
Blatter, Rolf
Hotz, Jasmin
Reich, Rahel
Deplazes, Ervin
Helbling, Christof
Merkli, Stephanie
Kunz, Daniel
Stierli, Bruno
Fröhlich-Bleuler, Gianni
Wachter, Beat
Peyer, Marc
Steiger, Isabelle
Tormann, Sabine
Hofmann, Gerhard
Bissias, Ilias
Schwenninger, Marc
Kuhn, Hans
Lüthy, Roland
Haffter, Andreas
Bernasconi, Michele
Wehrenberg, Stefan
Grendelmeier, Hans Rudolf
Diederichs-Fischli, Daniela
Meier-Dieterle, Felix C.
Meier, Bernhard
Eschment, Jörn
Zucker, Armin
Rajower, Felix
Pfortmüller, Herbert
Körner, Alexandra
Wenger, Christian
Neukom Chaney, Anna
Wettstein, Yannick
Both, Alexandre
Wyttenbach, Markus
Heinrich, Peter
Schaltegger, Evelyn
Christ, Benedict F.
Caratsch, Michele
Weber, David
Schilling, Micha
Kolb, Andreas
Classen, Andrea
Schwarz, Peter
Landolt, Kaspar
Leisi, Patrik Andreas
Bloch, Daniel
Müller, Roger
Lutz, Caroline
Desax, Robert
Chadoian, Satenig
Meisser, Gregor
Groth, Stephan
Hess, Michael
Uhl, Markus
Cahenzli Reich, Sandra
Sturny, Monique
Schwarzmann, René
Moor, Yann
Zaugg, Niklaus J.
Meier Rhein, Silvan
Isler, Michael
Meyer, Christina
Stoffel, Nathalie
Steiner, Thomas
Kuert, Matthias Simon
Zimmermann, Salome
Brunner, Hans-Ulrich
Naef, Richard
Hettich, Peter
Calcò Labbruzzo, Dominique
Malka, Joy
Lierau-Nutt, Veronika
Brogini, Romina
Gloor, Alain
Reinert, Mani
Hiestand, Thomas
Hafner, Benno P.
Vock, Manuela B.
Krausz, Alexander
Dietrich, Marcel
Schmidgall, Roxane
Samuelsson, Evalotta
Roelli, Severin
Greter, Alexander
Hess, Andri
Schlegel, Regula
Bonhôte, Christian
Arnold, Peter B.
Pulver, J. Martin
Spescha, Marc
Truniger, Christof
Nafz, Sylvia
Blunschi, Stefan
Schneider-Mako, Maritta
Kreher, Christian
Esteves Gonçalves, Sandra
Del Grande, Mirco
Faber, Alexander
Ott, Edward
Brem, Ernst Johannes
Burckhardt, Christoph
Cerejo, Patricia
Burkhalter, Peter
Schütt, Thomas
Hutter, Patrick
Wild, Gregor
Baader, Kezia
Kümmerli, Martina Andrea
Sprecher, Thomas
Engler, Marc
Frick, Joachim
Peyrot, Paul
Burkart, Kai
Kälin, Oliver
Klaesi, Beatrice
Hauser, Matthias
Scherrer, Josef
Senn, Jürg
Lecki, Alexander R.
Spälti, Jost
Scholl, Rahel
Caleff, Josef
Widmer, Michael
Wicki, Jodok
Reichenberg, Paula
Brändli, Beat
Schmid, Gerhard
Suter, Claudia
Oberholzer, Dominik
Osterwalder, Simon
Uhlig, Kai-Peter
Fehr-Bosshard, Delia Irene
Pinto, Jean-Philippe
Frenkel, Daniela
Jud, Dominique
Maag, Andreas
Eckert-Bracher, Suzanne
Knobloch, Stefan
Untersander, Oliver
Keller, Thomas Martin
Noth, Evelyne
Ott, Marianne
Hoffmann, Daniel
Vitelli-Jucker, Renate
Ritter, Rudolf
Bläuer, Daniel R.
Ulrich, Manuel
Mätzler, Reto
Bächtold, Rahel
Brunner, Justus H.
Remond, Nathalie
Meinhardt, Marcel
Roos, Christian
Madonna-Quadri, Martina
Stengel, Cornelia
Stauffacher, Matthias
Stäubli, Christoph
Bereuter, Susanne
Rohn, Patrick
Rebell, Christian
Maag, Nina Andrea
Hirzel, Adrian
Isenring, Bernhard
Wiebecke, Martin
Riesen, Silvio
Bünger, Pablo
Livschitz, Tamir
Grütter-Eckert, Rachel
Shabani, Alban
Locher, Jürg
Ulmann, Kaspar
Bugada Aebli, Elda
Bommer, Florian
Plattner, Jürg
Winzap, Maurus
Kälin, Thomas
Flum, René
Thut, Christian
Wirth, Peter E.
Müller, Rolf
Thür, Rolf
Vetsch, Johannes
Baumann, Judith
Gasser Szoltysek, Isabella
Carcagni Roesler, Romina
Gerber, Alfred
Minder, Stefan
Mathis, Andrea Silvio
Hohler, Simon M.
Hail-Weber, Ursula
Burkhalter, Thomas
Cavegn, Diego
Heinzelmann, Wilfried
Lang, Christoph G.
Jost, Hanna
Aeschbacher, Markus
Wüthrich, Karl
Schamaun, Marc
Schenk, Martin
Glavaš, Krešo
Furrer, Walter
Uttinger, Laurence
Vasella, David
Baumann, Florian P.
Hofstetter, Domino
Jaccard, Marc
Münch, Gregor
Simonek, Madeleine
Brunner, Thomas U.K.
Kümin, Karl
Kayser, Martin
Sedo, Cinthia
Berz, Christian
Hübner, Peter
Ramp, Samuel
Hofer, Urs
Chanson, Georges
Wisler, Rena
Künzli, Martin
Hillerström, Hubertus
Gstoehl, Matthias
Menn, Conradin
Stöckli, Philipp
Kanavas, Elena
Ragaller, Ina
Gilgen, Alfred
Künzli, Andreas
Umiker, Sandra
Meyer, Isabelle
Jüstel, Peter
Högger, Beat
Kolvenbach, Dirk W.
Schmid, Markus
Araki, Olivier J.
Ermini, Mario
Schuler-Scheurer, Anna
Handschin, Lukas
Iqbal, Yasmin
Fink Winzap, Barbara
Brusa, Damiano
van der Walt-Thürkauf, Désirée
Ausfeld, Michael
Klemm, Adrian
Köhli Müller, Simone
Frick, Thomas A.
Kuhn, André
Heitz, Hans-Jacob
Heusser, Pierre
Meyer Bahar, Valerie
Galli, Peter
Wibmer, Jeannette K.
Dohner, Bruno
Götze, Patrick
Benz, Ulrich
Mikkonen, Katja
Hess, Michael
Bosshard, Thomas
Wagner Eichin, Martina
Heeb, Herbert
Hauser, Tobias
Ziegler, Reto
Schaad, Thomas
Suter, Christian
Neuber, Gerrit
Brandner, Stephan
Cica, Alexander Patrick
Herforth, Lukas
Marti, Benjamin
Lang, Carla
Meier, Robert
Burkhardt, Urs Rudolf
Sticher, Walter
Engel, Daniel
Waldis, Markus J.
Frehner, Tamara
Bak, Rudolf
Egli, Christof
Hösli, Andreas
Krähenbühl-Köppel, Jeannine
Frehner, Rolf
Devecchi, Camillo
Giezendanner-Feller, Helene
Holzer, Simon
Ferro, Ernesto G.
Herbert, Alexander
Studen, Goran
Diener, Hans-Martin
Häcki, Adrian
Trüeb, Hans Rudolf
